0,4,13,19,20,23,24,26,28,35,36,37,39,-1,-1,-1,-1,-1,-1,0,0,0,0,0,0
6,8,9,11,12,5,14,41,42,45,49,50,51,0,0,-1,-1,-1,-1,1,0,0,0,0,5
2,3,10,15,17,21,25,27,29,31,32,33,43,0,0,5,0,-1,-1,2,0,0,0,0,10
1,7,16,18,22,30,34,38,40,44,46,47,48,0,0,5,0,10,0,3,0,0,0,0,7
2,3,15,17,21,25,27,29,31,32,33,43,-1,-1,-1,-1,-1,-1,-1,4,0,0,0,0,21
1,16,18,22,30,34,38,40,44,46,47,48,-1,21,0,-1,-1,-1,-1,4,1,0,0,0,22
4,13,19,20,23,24,26,28,35,36,37,39,-1,21,0,22,0,-1,-1,4,2,0,0,0,24
6,8,9,11,12,14,41,42,45,49,50,51,-1,21,0,22,0,24,0,4,3,0,0,0,14
4,13,19,20,23,26,28,35,36,37,39,-1,-1,-1,-1,-1,-1,-1,-1,4,4,0,0,0,4
6,8,9,11,12,41,42,45,49,50,51,-1,-1,4,0,-1,-1,-1,-1,5,4,0,0,0,6
2,3,15,17,25,27,29,31,32,33,43,-1,-1,4,0,6,0,-1,-1,6,4,0,0,0,3
1,16,18,30,34,38,40,44,46,47,48,-1,-1,4,0,6,0,3,0,7,4,0,0,0,1
8,9,11,12,41,42,45,49,50,51,-1,-1,-1,-1,-1,-1,-1,-1,-1,8,4,0,0,0,8
2,15,17,25,27,29,31,32,33,43,-1,-1,-1,8,0,-1,-1,-1,-1,9,4,0,0,0,2
16,18,30,34,38,40,44,46,47,48,-1,-1,-1,8,0,2,0,-1,-1,10,4,0,0,0,38
13,19,20,23,26,28,35,36,37,39,-1,-1,-1,8,0,2,0,38,0,10,4,1,0,0,23
9,11,12,41,42,45,49,50,51,-1,-1,-1,-1,-1,-1,-1,-1,-1,-1,10,5,1,0,0,9
15,17,25,27,29,31,32,33,43,-1,-1,-1,-1,9,0,-1,-1,-1,-1,11,5,1,0,0,43
16,18,30,34,40,44,46,47,48,-1,-1,-1,-1,9,0,43,0,-1,-1,11,5,1,1,0,47
13,19,20,26,28,35,36,37,39,-1,-1,-1,-1,9,0,43,0,47,0,11,5,1,2,0,36
11,12,41,42,45,49,50,51,-1,-1,-1,-1,-1,-1,-1,-1,-1,-1,-1,11,5,2,2,0,11
15,17,25,27,29,31,32,33,-1,-1,-1,-1,-1,11,0,-1,-1,-1,-1,12,5,2,2,0,29
16,18,30,34,40,44,46,48,-1,-1,-1,-1,-1,11,0,29,0,-1,-1,12,5,3,2,0,30
13,19,20,26,28,35,37,39,-1,-1,-1,-1,-1,11,0,29,0,30,0,12,5,4,2,0,20
12,41,42,45,49,50,51,-1,-1,-1,-1,-1,-1,-1,-1,-1,-1,-1,-1,12,6,4,2,0,12
15,17,25,27,31,32,33,-1,-1,-1,-1,-1,-1,12,0,-1,-1,-1,-1,13,6,4,2,0,15
16,18,34,40,44,46,48,-1,-1,-1,-1,-1,-1,12,0,15,0,-1,-1,13,7,4,2,0,16
13,19,26,28,35,37,39,-1,-1,-1,-1,-1,-1,12,0,15,0,16,0,13,8,4,2,0,13
41,42,45,49,50,51,-1,-1,-1,-1,-1,-1,-1,-1,-1,-1,-1,-1,-1,13,9,4,2,0,49
17,25,27,31,32,33,-1,-1,-1,-1,-1,-1,-1,49,0,-1,-1,-1,-1,13,9,4,3,0,17
18,34,40,44,46,48,-1,-1,-1,-1,-1,-1,-1,49,0,17,0,-1,-1,13,10,4,3,0,46
19,26,28,35,37,39,-1,-1,-1,-1,-1,-1,-1,49,0,17,0,46,0,13,10,4,4,0,39
41,42,45,50,51,-1,-1,-1,-1,-1,-1,-1,-1,-1,-1,-1,-1,-1,-1,13,10,4,5,0,50
25,27,31,32,33,-1,-1,-1,-1,-1,-1,-1,-1,50,0,-1,-1,-1,-1,13,10,4,6,0,27
18,34,40,44,48,-1,-1,-1,-1,-1,-1,-1,-1,50,0,27,0,-1,-1,13,10,5,6,0,44
19,26,28,35,37,-1,-1,-1,-1,-1,-1,-1,-1,50,0,27,0,44,0,13,10,5,7,0,26
41,42,45,51,-1,-1,-1,-1,-1,-1,-1,-1,-1,-1,-1,-1,-1,-1,-1,13,10,6,7,0,45
25,31,32,33,-1,-1,-1,-1,-1,-1,-1,-1,-1,45,0,-1,-1,-1,-1,13,10,6,8,0,33
18,34,40,48,-1,-1,-1,-1,-1,-1,-1,-1,-1,45,0,33,0,-1,-1,13,10,7,8,0,48
19,28,35,37,-1,-1,-1,-1,-1,-1,-1,-1,-1,45,0,33,0,48,0,13,10,7,9,0,37
18,34,40,-1,-1,-1,-1,-1,-1,-1,-1,-1,-1,-1,-1,-1,-1,-1,-1,13,10,8,9,0,18
19,28,35,-1,-1,-1,-1,-1,-1,-1,-1,-1,-1,18,0,-1,-1,-1,-1,13,11,8,9,0,19
41,42,51,-1,-1,-1,-1,-1,-1,-1,-1,-1,-1,18,0,19,0,-1,-1,13,12,8,9,0,51
25,31,32,-1,-1,-1,-1,-1,-1,-1,-1,-1,-1,18,0,19,0,51,0,13,12,8,10,0,25
31,32,-1,-1,-1,-1,-1,-1,-1,-1,-1,-1,-1,-1,-1,-1,-1,-1,-1,13,13,8,10,0,32
34,40,-1,-1,-1,-1,-1,-1,-1,-1,-1,-1,-1,32,0,-1,-1,-1,-1,13,13,9,10,0,34
28,35,-1,-1,-1,-1,-1,-1,-1,-1,-1,-1,-1,32,0,34,0,-1,-1,13,13,10,10,0,28
41,42,-1,-1,-1,-1,-1,-1,-1,-1,-1,-1,-1,32,0,34,0,28,0,13,13,11,10,0,42
40,-1,-1,-1,-1,-1,-1,-1,-1,-1,-1,-1,-1,-1,-1,-1,-1,-1,-1,13,13,11,11,0,40
35,-1,-1,-1,-1,-1,-1,-1,-1,-1,-1,-1,-1,40,0,-1,-1,-1,-1,13,13,11,12,0,35
41,-1,-1,-1,-1,-1,-1,-1,-1,-1,-1,-1,-1,40,0,35,0,-1,-1,13,13,12,12,0,41
31,-1,-1,-1,-1,-1,-1,-1,-1,-1,-1,-1,-1,40,0,35,0,41,0,13,13,12,13,0,31
0,7,8,9,11,12,24,27,32,34,35,46,48,-1,-1,-1,-1,-1,-1,0,0,0,0,46,0
1,2,3,4,6,13,14,15,19,23,37,50,51,0,46,-1,-1,-1,-1,1,0,0,0,89,6
10,5,16,17,18,20,21,25,28,31,33,36,38,0,46,6,89,-1,-1,2,0,0,0,55,10
22,26,29,30,39,40,41,42,43,44,45,47,49,0,46,6,89,10,55,3,0,0,0,96,22
5,16,17,18,20,21,25,28,31,33,36,38,-1,-1,-1,-1,-1,-1,-1,3,1,0,0,55,5
26,29,30,39,40,41,42,43,44,45,47,49,-1,5,55,-1,-1,-1,-1,4,1,0,0,96,47
7,8,9,11,12,24,27,32,34,35,46,48,-1,5,55,47,96,-1,-1,4,1,0,1,46,7
1,2,3,4,13,14,15,19,23,37,50,51,-1,5,55,47,96,7,46,5,1,0,1,89,4
8,9,11,12,24,27,32,34,35,46,48,-1,-1,-1,-1,-1,-1,-1,-1,6,1,0,1,46,46
1,2,3,13,14,15,19,23,37,50,51,-1,-1,46,46,-1,-1,-1,-1,6,1,0,2,89,50
16,17,18,20,21,25,28,31,33,36,38,-1,-1,46,46,50,89,-1,-1,6,1,0,3,55,38
26,29,30,39,40,41,42,43,44,45,49,-1,-1,46,46,50,89,38,55,6,1,1,3,96,49
1,2,3,13,14,15,19,23,37,51,-1,-1,-1,-1,-1,-1,-1,-1,-1,6,1,1,4,89,3
16,17,18,20,21,25,28,31,33,36,-1,-1,-1,3,89,-1,-1,-1,-1,7,1,1,4,55,36
26,29,30,39,40,41,42,43,44,45,-1,-1,-1,3,89,36,55,-1,-1,7,1,2,4,96,30
8,9,11,12,24,27,32,34,35,48,-1,-1,-1,3,89,36,55,30,96,7,1,3,4,46,12
8,9,11,24,27,32,34,35,48,-1,-1,-1,-1,-1,-1,-1,-1,-1,-1,8,1,3,4,46,48
1,2,13,14,15,19,23,37,51,-1,-1,-1,-1,48,46,-1,-1,-1,-1,8,1,3,5,89,51
16,17,18,20,21,25,28,31,33,-1,-1,-1,-1,48,46,51,89,-1,-1,8,1,3,6,55,33
26,29,39,40,41,42,43,44,45,-1,-1,-1,-1,48,46,51,89,33,55,8,1,4,6,96,45
1,2,13,14,15,19,23,37,-1,-1,-1,-1,-1,-1,-1,-1,-1,-1,-1,8,1,4,7,89,19
16,17,18,20,21,25,28,31,-1,-1,-1,-1,-1,19,89,-1,-1,-1,-1,8,2,4,7,55,21
26,29,39,40,41,42,43,44,-1,-1,-1,-1,-1,19,89,21,55,-1,-1,8,3,4,7,96,29
8,9,11,24,27,32,34,35,-1,-1,-1,-1,-1,19,89,21,55,29,96,8,3,5,7,46,24
8,9,11,27,32,34,35,-1,-1,-1,-1,-1,-1,-1,-1,-1,-1,-1,-1,8,4,5,7,46,27
1,2,13,14,15,23,37,-1,-1,-1,-1,-1,-1,27,46,-1,-1,-1,-1,8,4,6,7,89,37
16,17,18,20,25,28,31,-1,-1,-1,-1,-1,-1,27,46,37,89,-1,-1,8,4,7,7,55,31
26,39,40,41,42,43,44,-1,-1,-1,-1,-1,-1,27,46,37,89,31,55,8,4,8,7,96,26
1,2,13,14,15,23,-1,-1,-1,-1,-1,-1,-1,-1,-1,-1,-1,-1,-1,8,4,9,7,89,2
16,17,18,20,25,28,-1,-1,-1,-1,-1,-1,-1,2,89,-1,-1,-1,-1,9,4,9,7,55,28
39,40,41,42,43,44,-1,-1,-1,-1,-1,-1,-1,2,89,28,55,-1,-1,9,4,10,7,96,44
8,9,11,32,34,35,-1,-1,-1,-1,-1,-1,-1,2,89,28,55,44,96,9,4,10,8,46,11
8,9,32,34,35,-1,-1,-1,-1,-1,-1,-1,-1,-1,-1,-1,-1,-1,-1,10,4,10,8,46,32
1,13,14,15,23,-1,-1,-1,-1,-1,-1,-1,-1,32,46,-1,-1,-1,-1,10,4,11,8,89,23
16,17,18,20,25,-1,-1,-1,-1,-1,-1,-1,-1,32,46,23,89,-1,-1,10,5,11,8,55,25
39,40,41,42,43,-1,-1,-1,-1,-1,-1,-1,-1,32,46,23,89,25,55,10,6,11,8,96,43
8,9,34,35,-1,-1,-1,-1,-1,-1,-1,-1,-1,-1,-1,-1,-1,-1,-1,10,6,11,9,46,34
1,13,14,15,-1,-1,-1,-1,-1,-1,-1,-1,-1,34,46,-1,-1,-1,-1,10,6,12,9,89,15
16,17,18,20,-1,-1,-1,-1,-1,-1,-1,-1,-1,34,46,15,89,-1,-1,10,7,12,9,55,20
39,40,41,42,-1,-1,-1,-1,-1,-1,-1,-1,-1,34,46,15,89,20,55,10,8,12,9,96,42
8,9,35,-1,-1,-1,-1,-1,-1,-1,-1,-1,-1,-1,-1,-1,-1,-1,-1,10,8,12,10,46,8
1,13,14,-1,-1,-1,-1,-1,-1,-1,-1,-1,-1,8,46,-1,-1,-1,-1,11,8,12,10,89,1
16,17,18,-1,-1,-1,-1,-1,-1,-1,-1,-1,-1,8,46,1,89,-1,-1,12,8,12,10,55,18
39,40,41,-1,-1,-1,-1,-1,-1,-1,-1,-1,-1,8,46,1,89,18,55,12,9,12,10,96,41
9,35,-1,-1,-1,-1,-1,-1,-1,-1,-1,-1,-1,-1,-1,-1,-1,-1,-1,12,9,12,11,46,9
13,14,-1,-1,-1,-1,-1,-1,-1,-1,-1,-1,-1,9,46,-1,-1,-1,-1,13,9,12,11,89,14
16,17,-1,-1,-1,-1,-1,-1,-1,-1,-1,-1,-1,9,46,14,89,-1,-1,13,10,12,11,55,17
39,40,-1,-1,-1,-1,-1,-1,-1,-1,-1,-1,-1,9,46,14,89,17,55,13,11,12,11,96,40
35,-1,-1,-1,-1,-1,-1,-1,-1,-1,-1,-1,-1,-1,-1,-1,-1,-1,-1,13,11,12,12,46,35
13,-1,-1,-1,-1,-1,-1,-1,-1,-1,-1,-1,-1,35,46,-1,-1,-1,-1,13,11,13,12,89,13
16,-1,-1,-1,-1,-1,-1,-1,-1,-1,-1,-1,-1,35,46,13,89,-1,-1,13,12,13,12,55,16
39,-1,-1,-1,-1,-1,-1,-1,-1,-1,-1,-1,-1,35,46,13,89,16,55,13,13,13,12,96,39
0,5,9,12,17,20,21,23,24,28,32,37,44,-1,-1,-1,-1,-1,-1,0,0,0,0,55,0
1,6,13,15,19,27,29,35,39,40,42,43,48,0,55,-1,-1,-1,-1,1,0,0,0,96,6
4,11,14,16,18,26,30,31,33,34,41,45,46,0,55,6,96,-1,-1,2,0,0,0,66,11
2,3,7,8,10,22,25,36,38,47,49,50,51,0,55,6,96,11,66,3,0,0,0,95,2
4,14,16,18,26,30,31,33,34,41,45,46,-1,-1,-1,-1,-1,-1,-1,4,0,0,0,66,18
3,7,8,10,22,25,36,38,47,49,50,51,-1,18,66,-1,-1,-1,-1,4,1,0,0,95,22
5,9,12,17,20,21,23,24,28,32,37,44,-1,18,66,22,95,-1,-1,4,2,0,0,55,21
1,13,15,19,27,29,35,39,40,42,43,48,-1,18,66,22,95,21,55,4,3,0,0,96,19
3,7,8,10,25,36,38,47,49,50,51,-1,-1,-1,-1,-1,-1,-1,-1,4,4,0,0,95,36
5,9,12,17,20,23,24,28,32,37,44,-1,-1,36,95,-1,-1,-1,-1,4,4,1,0,55,32
1,13,15,27,29,35,39,40,42,43,48,-1,-1,36,95,32,55,-1,-1,4,4,2,0,96,35
4,14,16,26,30,31,33,34,41,45,46,-1,-1,36,95,32,55,35,96,4,4,3,0,66,34
3,7,8,10,25,38,47,49,50,51,-1,-1,-1,-1,-1,-1,-1,-1,-1,4,4,4,0,95,3
5,9,12,17,20,23,24,28,37,44,-1,-1,-1,3,95,-1,-1,-1,-1,5,4,4,0,55,12
1,13,15,27,29,39,40,42,43,48,-1,-1,-1,3,95,12,55,-1,-1,6,4,4,0,96,1
4,14,16,26,30,31,33,41,45,46,-1,-1,-1,3,95,12,55,1,96,7,4,4,0,66,4
5,9,17,20,23,24,28,37,44,-1,-1,-1,-1,-1,-1,-1,-1,-1,-1,8,4,4,0,55,37
13,15,27,29,39,40,42,43,48,-1,-1,-1,-1,37,55,-1,-1,-1,-1,8,4,5,0,96,29
14,16,26,30,31,33,41,45,46,-1,-1,-1,-1,37,55,29,96,-1,-1,8,4,6,0,66,33
7,8,10,25,38,47,49,50,51,-1,-1,-1,-1,37,55,29,96,33,66,8,4,7,0,95,38
7,8,10,25,47,49,50,51,-1,-1,-1,-1,-1,-1,-1,-1,-1,-1,-1,8,4,8,0,95,10
5,9,17,20,23,24,28,44,-1,-1,-1,-1,-1,10,95,-1,-1,-1,-1,9,4,8,0,55,9
13,15,27,39,40,42,43,48,-1,-1,-1,-1,-1,10,95,9,55,-1,-1,10,4,8,0,96,48
14,16,26,30,31,41,45,46,-1,-1,-1,-1,-1,10,95,9,55,48,96,10,4,8,1,66,45
7,8,25,47,49,50,51,-1,-1,-1,-1,-1,-1,-1,-1,-1,-1,-1,-1,10,4,8,2,95,50
5,17,20,23,24,28,44,-1,-1,-1,-1,-1,-1,50,95,-1,-1,-1,-1,10,4,8,3,55,44
13,15,27,39,40,42,43,-1,-1,-1,-1,-1,-1,50,95,44,55,-1,-1,10,4,8,4,96,43
14,16,26,30,31,41,46,-1,-1,-1,-1,-1,-1,50,95,44,55,43,96,10,4,8,5,66,46
7,8,25,47,49,51,-1,-1,-1,-1,-1,-1,-1,-1,-1,-1,-1,-1,-1,10,4,8,6,95,49
5,17,20,23,24,28,-1,-1,-1,-1,-1,-1,-1,49,95,-1,-1,-1,-1,10,4,8,7,55,28
13,15,27,39,40,42,-1,-1,-1,-1,-1,-1,-1,49,95,28,55,-1,-1,10,4,9,7,96,42
14,16,26,30,31,41,-1,-1,-1,-1,-1,-1,-1,49,95,28,55,42,96,10,4,9,8,66,41
7,8,25,47,51,-1,-1,-1,-1,-1,-1,-1,-1,-1,-1,-1,-1,-1,-1,10,4,9,9,95,51
5,17,20,23,24,-1,-1,-1,-1,-1,-1,-1,-1,51,95,-1,-1,-1,-1,10,4,9,10,55,5
13,15,27,39,40,-1,-1,-1,-1,-1,-1,-1,-1,51,95,5,55,-1,-1,11,4,9,10,96,40
14,16,26,30,31,-1,-1,-1,-1,-1,-1,-1,-1,51,95,5,55,40,96,11,4,9,11,66,31
7,8,25,47,-1,-1,-1,-1,-1,-1,-1,-1,-1,-1,-1,-1,-1,-1,-1,11,4,10,11,95,47
17,20,23,24,-1,-1,-1,-1,-1,-1,-1,-1,-1,47,95,-1,-1,-1,-1,11,4,10,12,55,20
13,15,27,39,-1,-1,-1,-1,-1,-1,-1,-1,-1,47,95,20,55,-1,-1,11,5,10,12,96,39
14,16,26,30,-1,-1,-1,-1,-1,-1,-1,-1,-1,47,95,20,55,39,96,11,5,10,13,66,30
7,8,25,-1,-1,-1,-1,-1,-1,-1,-1,-1,-1,-1,-1,-1,-1,-1,-1,11,5,11,13,95,25
17,23,24,-1,-1,-1,-1,-1,-1,-1,-1,-1,-1,25,95,-1,-1,-1,-1,11,6,11,13,55,17
13,15,27,-1,-1,-1,-1,-1,-1,-1,-1,-1,-1,25,95,17,55,-1,-1,11,7,11,13,96,15
14,16,26,-1,-1,-1,-1,-1,-1,-1,-1,-1,-1,25,95,17,55,15,96,11,8,11,13,66,16
7,8,-1,-1,-1,-1,-1,-1,-1,-1,-1,-1,-1,-1,-1,-1,-1,-1,-1,11,9,11,13,95,8
23,24,-1,-1,-1,-1,-1,-1,-1,-1,-1,-1,-1,8,95,-1,-1,-1,-1,12,9,11,13,55,24
13,27,-1,-1,-1,-1,-1,-1,-1,-1,-1,-1,-1,8,95,24,55,-1,-1,12,10,11,13,96,13
14,26,-1,-1,-1,-1,-1,-1,-1,-1,-1,-1,-1,8,95,24,55,13,96,12,11,11,13,66,26
7,-1,-1,-1,-1,-1,-1,-1,-1,-1,-1,-1,-1,-1,-1,-1,-1,-1,-1,12,11,12,13,95,7
23,-1,-1,-1,-1,-1,-1,-1,-1,-1,-1,-1,-1,7,95,-1,-1,-1,-1,13,11,12,13,55,23
27,-1,-1,-1,-1,-1,-1,-1,-1,-1,-1,-1,-1,7,95,23,55,-1,-1,13,12,12,13,96,27
14,-1,-1,-1,-1,-1,-1,-1,-1,-1,-1,-1,-1,7,95,23,55,27,96,13,12,13,13,66,14
0,4,5,10,16,18,21,23,31,34,39,44,47,-1,-1,-1,-1,-1,-1,0,0,0,0,1,0
3,12,13,14,15,19,22,26,27,28,29,40,43,0,1,-1,-1,-1,-1,1,0,0,0,3,12
1,2,11,20,24,25,37,41,45,46,48,50,51,0,1,12,3,-1,-1,2,0,0,0,0,2
6,7,8,9,17,30,32,33,35,36,38,42,49,0,1,12,3,2,0,3,0,0,0,22,9
3,13,14,15,19,22,26,27,28,29,40,43,-1,-1,-1,-1,-1,-1,-1,4,0,0,0,3,22
1,11,20,24,25,37,41,45,46,48,50,51,-1,22,3,-1,-1,-1,-1,4,1,0,0,0,20
6,7,8,17,30,32,33,35,36,38,42,49,-1,22,3,20,0,-1,-1,4,2,0,0,22,17
4,5,10,16,18,21,23,31,34,39,44,47,-1,22,3,20,0,17,22,4,3,0,0,1,21
3,13,14,15,19,26,27,28,29,40,43,-1,-1,-1,-1,-1,-1,-1,-1,4,4,0,0,3,19
1,11,24,25,37,41,45,46,48,50,51,-1,-1,19,3,-1,-1,-1,-1,4,5,0,0,0,24
6,7,8,30,32,33,35,36,38,42,49,-1,-1,19,3,24,0,-1,-1,4,6,0,0,22,8
4,5,10,16,18,23,31,34,39,44,47,-1,-1,19,3,24,0,8,22,5,6,0,0,1,23
1,11,25,37,41,45,46,48,50,51,-1,-1,-1,-1,-1,-1,-1,-1,-1,5,7,0,0,0,37
6,7,30,32,33,35,36,38,42,49,-1,-1,-1,37,0,-1,-1,-1,-1,5,7,1,0,22,38
4,5,10,16,18,31,34,39,44,47,-1,-1,-1,37,0,38,22,-1,-1,5,7,2,0,1,31
3,13,14,15,26,27,28,29,40,43,-1,-1,-1,37,0,38,22,31,1,5,7,3,0,3,29
6,7,30,32,33,35,36,42,49,-1,-1,-1,-1,-1,-1,-1,-1,-1,-1,5,7,4,0,22,36
4,5,10,16,18,34,39,44,47,-1,-1,-1,-1,36,22,-1,-1,-1,-1,5,7,5,0,1,34
3,13,14,15,26,27,28,40,43,-1,-1,-1,-1,36,22,34,1,-1,-1,5,7,6,0,3,28
1,11,25,41,45,46,48,50,51,-1,-1,-1,-1,36,22,34,1,28,3,5,7,7,0,0,1
6,7,30,32,33,35,42,49,-1,-1,-1,-1,-1,-1,-1,-1,-1,-1,-1,6,7,7,0,22,35
4,5,10,16,18,39,44,47,-1,-1,-1,-1,-1,35,22,-1,-1,-1,-1,6,7,8,0,1,47
3,13,14,15,26,27,40,43,-1,-1,-1,-1,-1,35,22,47,1,-1,-1,6,7,8,1,3,27
11,25,41,45,46,48,50,51,-1,-1,-1,-1,-1,35,22,47,1,27,3,6,7,9,1,0,25
6,7,30,32,33,42,49,-1,-1,-1,-1,-1,-1,-1,-1,-1,-1,-1,-1,6,8,9,1,22,7
4,5,10,16,18,39,44,-1,-1,-1,-1,-1,-1,7,22,-1,-1,-1,-1,7,8,9,1,1,5
3,13,14,15,26,40,43,-1,-1,-1,-1,-1,-1,7,22,5,1,-1,-1,8,8,9,1,3,3
11,41,45,46,48,50,51,-1,-1,-1,-1,-1,-1,7,22,5,1,3,3,9,8,9,1,0,11
41,45,46,48,50,51,-1,-1,-1,-1,-1,-1,-1,-1,-1,-1,-1,-1,-1,10,8,9,1,0,41
6,30,32,33,42,49,-1,-1,-1,-1,-1,-1,-1,41,0,-1,-1,-1,-1,10,8,9,2,22,49
4,10,16,18,39,44,-1,-1,-1,-1,-1,-1,-1,41,0,49,22,-1,-1,10,8,9,3,1,44
13,14,15,26,40,43,-1,-1,-1,-1,-1,-1,-1,41,0,49,22,44,1,10,8,9,4,3,43
6,30,32,33,42,-1,-1,-1,-1,-1,-1,-1,-1,-1,-1,-1,-1,-1,-1,10,8,9,5,22,42
4,10,16,18,39,-1,-1,-1,-1,-1,-1,-1,-1,42,22,-1,-1,-1,-1,10,8,9,6,1,39
13,14,15,26,40,-1,-1,-1,-1,-1,-1,-1,-1,42,22,39,1,-1,-1,10,8,9,7,3,40
45,46,48,50,51,-1,-1,-1,-1,-1,-1,-1,-1,42,22,39,1,40,3,10,8,9,8,0,51
45,46,48,50,-1,-1,-1,-1,-1,-1,-1,-1,-1,-1,-1,-1,-1,-1,-1,10,8,9,9,0,45
6,30,32,33,-1,-1,-1,-1,-1,-1,-1,-1,-1,45,0,-1,-1,-1,-1,10,8,9,10,22,6
4,10,16,18,-1,-1,-1,-1,-1,-1,-1,-1,-1,45,0,6,22,-1,-1,11,8,9,10,1,10
13,14,15,26,-1,-1,-1,-1,-1,-1,-1,-1,-1,45,0,6,22,10,1,12,8,9,10,3,15
46,48,50,-1,-1,-1,-1,-1,-1,-1,-1,-1,-1,-1,-1,-1,-1,-1,-1,12,9,9,10,0,50
30,32,33,-1,-1,-1,-1,-1,-1,-1,-1,-1,-1,50,0,-1,-1,-1,-1,12,9,9,11,22,33
4,16,18,-1,-1,-1,-1,-1,-1,-1,-1,-1,-1,50,0,33,22,-1,-1,12,9,10,11,1,4
13,14,26,-1,-1,-1,-1,-1,-1,-1,-1,-1,-1,50,0,33,22,4,1,13,9,10,11,3,14
46,48,-1,-1,-1,-1,-1,-1,-1,-1,-1,-1,-1,-1,-1,-1,-1,-1,-1,13,10,10,11,0,48
30,32,-1,-1,-1,-1,-1,-1,-1,-1,-1,-1,-1,48,0,-1,-1,-1,-1,13,10,10,12,22,32
16,18,-1,-1,-1,-1,-1,-1,-1,-1,-1,-1,-1,48,0,32,22,-1,-1,13,10,11,12,1,18
13,26,-1,-1,-1,-1,-1,-1,-1,-1,-1,-1,-1,48,0,32,22,18,1,13,11,11,12,3,13
46,-1,-1,-1,-1,-1,-1,-1,-1,-1,-1,-1,-1,-1,-1,-1,-1,-1,-1,13,12,11,12,0,46
30,-1,-1,-1,-1,-1,-1,-1,-1,-1,-1,-1,-1,46,0,-1,-1,-1,-1,13,12,11,13,22,30
16,-1,-1,-1,-1,-1,-1,-1,-1,-1,-1,-1,-1,46,0,30,22,-1,-1,13,12,12,13,1,16
26,-1,-1,-1,-1,-1,-1,-1,-1,-1,-1,-1,-1,46,0,30,22,16,1,13,13,12,13,3,26
0,10,9,15,21,26,29,30,31,33,35,36,41,-1,-1,-1,-1,-1,-1,0,0,0,0,1,0
14,16,20,22,23,25,27,28,34,40,43,44,47,0,1,-1,-1,-1,-1,1,0,0,0,3,34
2,3,5,6,7,13,17,24,37,45,46,48,49,0,1,34,3,-1,-1,1,0,1,0,21,7
1,4,8,11,12,18,19,32,38,39,42,50,51,0,1,34,3,7,21,2,0,1,0,27,12
1,4,8,11,18,19,32,38,39,42,50,51,-1,-1,-1,-1,-1,-1,-1,3,0,1,0,27,19
10,9,15,21,26,29,30,31,33,35,36,41,-1,19,27,-1,-1,-1,-1,3,1,1,0,1,21
14,16,20,22,23,25,27,28,40,43,44,47,-1,19,27,21,1,-1,-1,3,2,1,0,3,25
2,3,5,6,13,17,24,37,45,46,48,49,-1,19,27,21,1,25,3,3,3,1,0,21,24
14,16,20,22,23,27,28,40,43,44,47,-1,-1,-1,-1,-1,-1,-1,-1,3,4,1,0,3,28
2,3,5,6,13,17,37,45,46,48,49,-1,-1,28,3,-1,-1,-1,-1,3,4,2,0,21,37
1,4,8,11,18,32,38,39,42,50,51,-1,-1,28,3,37,21,-1,-1,3,4,3,0,27,38
10,9,15,26,29,30,31,33,35,36,41,-1,-1,28,3,37,21,38,27,3,4,4,0,1,36
1,4,8,11,18,32,39,42,50,51,-1,-1,-1,-1,-1,-1,-1,-1,-1,3,4,5,0,27,18
10,9,15,26,29,30,31,33,35,41,-1,-1,-1,18,27,-1,-1,-1,-1,3,5,5,0,1,15
14,16,20,22,23,27,40,43,44,47,-1,-1,-1,18,27,15,1,-1,-1,3,6,5,0,3,22
2,3,5,6,13,17,45,46,48,49,-1,-1,-1,18,27,15,1,22,3,3,7,5,0,21,17
14,16,20,23,27,40,43,44,47,-1,-1,-1,-1,-1,-1,-1,-1,-1,-1,3,8,5,0,3,27
2,3,5,6,13,45,46,48,49,-1,-1,-1,-1,27,3,-1,-1,-1,-1,3,8,6,0,21,49
1,4,8,11,32,39,42,50,51,-1,-1,-1,-1,27,3,49,21,-1,-1,3,8,6,1,27,32
10,9,26,29,30,31,33,35,41,-1,-1,-1,-1,27,3,49,21,32,27,3,8,7,1,1,31
1,4,8,11,39,42,50,51,-1,-1,-1,-1,-1,-1,-1,-1,-1,-1,-1,3,8,8,1,27,42
10,9,26,29,30,33,35,41,-1,-1,-1,-1,-1,42,27,-1,-1,-1,-1,3,8,8,2,1,41
14,16,20,23,40,43,44,47,-1,-1,-1,-1,-1,42,27,41,1,-1,-1,3,8,8,3,3,40
2,3,5,6,13,45,46,48,-1,-1,-1,-1,-1,42,27,41,1,40,3,3,8,8,4,21,48
2,3,5,6,13,45,46,-1,-1,-1,-1,-1,-1,-1,-1,-1,-1,-1,-1,3,8,8,5,21,13
1,4,8,11,39,50,51,-1,-1,-1,-1,-1,-1,13,21,-1,-1,-1,-1,3,9,8,5,27,50
10,9,26,29,30,33,35,-1,-1,-1,-1,-1,-1,13,21,50,27,-1,-1,3,9,8,6,1,10
14,16,20,23,43,44,47,-1,-1,-1,-1,-1,-1,13,21,50,27,10,1,4,9,8,6,3,20
14,16,23,43,44,47,-1,-1,-1,-1,-1,-1,-1,-1,-1,-1,-1,-1,-1,4,10,8,6,3,43
2,3,5,6,45,46,-1,-1,-1,-1,-1,-1,-1,43,3,-1,-1,-1,-1,4,10,8,7,21,46
1,4,8,11,39,51,-1,-1,-1,-1,-1,-1,-1,43,3,46,21,-1,-1,4,10,8,8,27,51
9,26,29,30,33,35,-1,-1,-1,-1,-1,-1,-1,43,3,46,21,51,27,4,10,8,9,1,9
1,4,8,11,39,-1,-1,-1,-1,-1,-1,-1,-1,-1,-1,-1,-1,-1,-1,5,10,8,9,27,39
26,29,30,33,35,-1,-1,-1,-1,-1,-1,-1,-1,39,27,-1,-1,-1,-1,5,10,8,10,1,35
14,16,23,44,47,-1,-1,-1,-1,-1,-1,-1,-1,39,27,35,1,-1,-1,5,10,9,10,3,47
2,3,5,6,45,-1,-1,-1,-1,-1,-1,-1,-1,39,27,35,1,47,3,5,10,9,11,21,45
14,16,23,44,-1,-1,-1,-1,-1,-1,-1,-1,-1,-1,-1,-1,-1,-1,-1,5,10,9,12,3,44
2,3,5,6,-1,-1,-1,-1,-1,-1,-1,-1,-1,44,3,-1,-1,-1,-1,5,10,9,13,21,6
1,4,8,11,-1,-1,-1,-1,-1,-1,-1,-1,-1,44,3,6,21,-1,-1,6,10,9,13,27,11
26,29,30,33,-1,-1,-1,-1,-1,-1,-1,-1,-1,44,3,6,21,11,27,7,10,9,13,1,33
14,16,23,-1,-1,-1,-1,-1,-1,-1,-1,-1,-1,-1,-1,-1,-1,-1,-1,7,10,10,13,3,14
2,3,5,-1,-1,-1,-1,-1,-1,-1,-1,-1,-1,14,3,-1,-1,-1,-1,7,11,10,13,21,5
1,4,8,-1,-1,-1,-1,-1,-1,-1,-1,-1,-1,14,3,5,21,-1,-1,8,11,10,13,27,8
26,29,30,-1,-1,-1,-1,-1,-1,-1,-1,-1,-1,14,3,5,21,8,27,9,11,10,13,1,30
16,23,-1,-1,-1,-1,-1,-1,-1,-1,-1,-1,-1,-1,-1,-1,-1,-1,-1,9,11,11,13,3,16
2,3,-1,-1,-1,-1,-1,-1,-1,-1,-1,-1,-1,16,3,-1,-1,-1,-1,9,12,11,13,21,3
1,4,-1,-1,-1,-1,-1,-1,-1,-1,-1,-1,-1,16,3,3,21,-1,-1,10,12,11,13,27,4
26,29,-1,-1,-1,-1,-1,-1,-1,-1,-1,-1,-1,16,3,3,21,4,27,11,12,11,13,1,29
23,-1,-1,-1,-1,-1,-1,-1,-1,-1,-1,-1,-1,-1,-1,-1,-1,-1,-1,11,12,12,13,3,23
2,-1,-1,-1,-1,-1,-1,-1,-1,-1,-1,-1,-1,23,3,-1,-1,-1,-1,11,13,12,13,21,2
1,-1,-1,-1,-1,-1,-1,-1,-1,-1,-1,-1,-1,23,3,2,21,-1,-1,12,13,12,13,27,1
26,-1,-1,-1,-1,-1,-1,-1,-1,-1,-1,-1,-1,23,3,2,21,1,27,13,13,12,13,1,26
0,5,9,10,15,17,18,19,23,27,28,31,46,-1,-1,-1,-1,-1,-1,0,0,0,0,1,0
1,3,12,13,14,16,38,40,41,42,45,48,50,0,1,-1,-1,-1,-1,1,0,0,0,21,12
4,7,8,11,21,22,25,32,35,39,44,47,49,0,1,12,21,-1,-1,2,0,0,0,25,11
2,6,20,24,26,29,30,33,34,36,37,43,51,0,1,12,21,11,25,3,0,0,0,31,6
1,3,13,14,16,38,40,41,42,45,48,50,-1,-1,-1,-1,-1,-1,-1,4,0,0,0,21,38
4,7,8,21,22,25,32,35,39,44,47,49,-1,38,21,-1,-1,-1,-1,4,0,1,0,25,35
2,20,24,26,29,30,33,34,36,37,43,51,-1,38,21,35,25,-1,-1,4,0,2,0,31,37
5,9,10,15,17,18,19,23,27,28,31,46,-1,38,21,35,25,37,31,4,0,3,0,1,31
1,3,13,14,16,40,41,42,45,48,50,-1,-1,-1,-1,-1,-1,-1,-1,4,0,4,0,21,3
4,7,8,21,22,25,32,39,44,47,49,-1,-1,3,21,-1,-1,-1,-1,5,0,4,0,25,4
2,20,24,26,29,30,33,34,36,43,51,-1,-1,3,21,4,25,-1,-1,6,0,4,0,31,2
5,9,10,15,17,18,19,23,27,28,46,-1,-1,3,21,4,25,2,31,7,0,4,0,1,10
5,9,15,17,18,19,23,27,28,46,-1,-1,-1,-1,-1,-1,-1,-1,-1,8,0,4,0,1,28
1,13,14,16,40,41,42,45,48,50,-1,-1,-1,28,1,-1,-1,-1,-1,8,0,5,0,21,48
7,8,21,22,25,32,39,44,47,49,-1,-1,-1,28,1,48,21,-1,-1,8,0,5,1,25,32
20,24,26,29,30,33,34,36,43,51,-1,-1,-1,28,1,48,21,32,25,8,0,6,1,31,34
20,24,26,29,30,33,36,43,51,-1,-1,-1,-1,-1,-1,-1,-1,-1,-1,8,0,7,1,31,26
5,9,15,17,18,19,23,27,46,-1,-1,-1,-1,26,31,-1,-1,-1,-1,8,0,8,1,1,27
1,13,14,16,40,41,42,45,50,-1,-1,-1,-1,26,31,27,1,-1,-1,8,0,9,1,21,50
7,8,21,22,25,39,44,47,49,-1,-1,-1,-1,26,31,27,1,50,21,8,0,9,2,25,25
5,9,15,17,18,19,23,46,-1,-1,-1,-1,-1,-1,-1,-1,-1,-1,-1,8,1,9,2,1,46
1,13,14,16,40,41,42,45,-1,-1,-1,-1,-1,46,1,-1,-1,-1,-1,8,1,9,3,21,45
7,8,21,22,39,44,47,49,-1,-1,-1,-1,-1,46,1,45,21,-1,-1,8,1,9,4,25,44
20,24,29,30,33,36,43,51,-1,-1,-1,-1,-1,46,1,45,21,44,25,8,1,9,5,31,43
5,9,15,17,18,19,23,-1,-1,-1,-1,-1,-1,-1,-1,-1,-1,-1,-1,8,1,9,6,1,19
1,13,14,16,40,41,42,-1,-1,-1,-1,-1,-1,19,1,-1,-1,-1,-1,8,2,9,6,21,16
7,8,21,22,39,47,49,-1,-1,-1,-1,-1,-1,19,1,16,21,-1,-1,8,3,9,6,25,22
20,24,29,30,33,36,51,-1,-1,-1,-1,-1,-1,19,1,16,21,22,25,8,4,9,6,31,24
20,29,30,33,36,51,-1,-1,-1,-1,-1,-1,-1,-1,-1,-1,-1,-1,-1,8,5,9,6,31,20
5,9,15,17,18,23,-1,-1,-1,-1,-1,-1,-1,20,31,-1,-1,-1,-1,8,6,9,6,1,18
1,13,14,40,41,42,-1,-1,-1,-1,-1,-1,-1,20,31,18,1,-1,-1,8,7,9,6,21,14
7,8,21,39,47,49,-1,-1,-1,-1,-1,-1,-1,20,31,18,1,14,21,8,8,9,6,25,21
7,8,39,47,49,-1,-1,-1,-1,-1,-1,-1,-1,-1,-1,-1,-1,-1,-1,8,9,9,6,25,47
29,30,33,36,51,-1,-1,-1,-1,-1,-1,-1,-1,47,25,-1,-1,-1,-1,8,9,9,7,31,51
5,9,15,17,23,-1,-1,-1,-1,-1,-1,-1,-1,47,25,51,31,-1,-1,8,9,9,8,1,23
1,13,40,41,42,-1,-1,-1,-1,-1,-1,-1,-1,47,25,51,31,23,1,8,10,9,8,21,42
29,30,33,36,-1,-1,-1,-1,-1,-1,-1,-1,-1,-1,-1,-1,-1,-1,-1,8,10,9,9,31,30
5,9,15,17,-1,-1,-1,-1,-1,-1,-1,-1,-1,30,31,-1,-1,-1,-1,8,10,10,9,1,9
1,13,40,41,-1,-1,-1,-1,-1,-1,-1,-1,-1,30,31,9,1,-1,-1,9,10,10,9,21,41
7,8,39,49,-1,-1,-1,-1,-1,-1,-1,-1,-1,30,31,9,1,41,21,9,10,10,10,25,49
29,33,36,-1,-1,-1,-1,-1,-1,-1,-1,-1,-1,-1,-1,-1,-1,-1,-1,9,10,10,11,31,36
5,15,17,-1,-1,-1,-1,-1,-1,-1,-1,-1,-1,36,31,-1,-1,-1,-1,9,10,11,11,1,5
1,13,40,-1,-1,-1,-1,-1,-1,-1,-1,-1,-1,36,31,5,1,-1,-1,10,10,11,11,21,40
7,8,39,-1,-1,-1,-1,-1,-1,-1,-1,-1,-1,36,31,5,1,40,21,10,10,11,12,25,8
29,33,-1,-1,-1,-1,-1,-1,-1,-1,-1,-1,-1,-1,-1,-1,-1,-1,-1,11,10,11,12,31,33
15,17,-1,-1,-1,-1,-1,-1,-1,-1,-1,-1,-1,33,31,-1,-1,-1,-1,11,10,12,12,1,17
1,13,-1,-1,-1,-1,-1,-1,-1,-1,-1,-1,-1,33,31,17,1,-1,-1,11,11,12,12,21,1
7,39,-1,-1,-1,-1,-1,-1,-1,-1,-1,-1,-1,33,31,17,1,1,21,12,11,12,12,25,7
29,-1,-1,-1,-1,-1,-1,-1,-1,-1,-1,-1,-1,-1,-1,-1,-1,-1,-1,13,11,12,12,31,29
15,-1,-1,-1,-1,-1,-1,-1,-1,-1,-1,-1,-1,29,31,-1,-1,-1,-1,13,11,13,12,1,15
13,-1,-1,-1,-1,-1,-1,-1,-1,-1,-1,-1,-1,29,31,15,1,-1,-1,13,12,13,12,21,13
39,-1,-1,-1,-1,-1,-1,-1,-1,-1,-1,-1,-1,29,31,15,1,13,21,13,13,13,12,25,39
0,3,5,6,8,25,38,9,18,22,27,34,36,-1,-1,-1,-1,-1,-1,0,0,0,0,52,0
1,2,4,7,10,11,16,28,29,42,44,45,49,0,52,-1,-1,-1,-1,1,0,0,0,6,11
12,14,15,19,20,21,23,24,30,32,37,48,50,0,52,11,6,-1,-1,2,0,0,0,21,12
13,17,26,31,33,35,39,40,41,43,46,47,51,0,52,11,6,12,21,3,0,0,0,25,35
14,15,19,20,21,23,24,30,32,37,48,50,-1,-1,-1,-1,-1,-1,-1,3,0,1,0,21,37
13,17,26,31,33,39,40,41,43,46,47,51,-1,37,21,-1,-1,-1,-1,3,0,2,0,25,33
3,5,6,8,25,38,9,18,22,27,34,36,-1,37,21,33,25,-1,-1,3,0,3,0,52,38
1,2,4,7,10,16,28,29,42,44,45,49,-1,37,21,33,25,38,52,3,0,4,0,6,29
3,5,6,8,25,9,18,22,27,34,36,-1,-1,-1,-1,-1,-1,-1,-1,3,0,5,0,52,22
1,2,4,7,10,16,28,42,44,45,49,-1,-1,22,52,-1,-1,-1,-1,3,1,5,0,6,16
14,15,19,20,21,23,24,30,32,48,50,-1,-1,22,52,16,6,-1,-1,3,2,5,0,21,24
13,17,26,31,39,40,41,43,46,47,51,-1,-1,22,52,16,6,24,21,3,3,5,0,25,17
14,15,19,20,21,23,30,32,48,50,-1,-1,-1,-1,-1,-1,-1,-1,-1,3,4,5,0,21,32
13,26,31,39,40,41,43,46,47,51,-1,-1,-1,32,21,-1,-1,-1,-1,3,4,6,0,25,31
3,5,6,8,25,9,18,27,34,36,-1,-1,-1,32,21,31,25,-1,-1,3,4,7,0,52,36
1,2,4,7,10,28,42,44,45,49,-1,-1,-1,32,21,31,25,36,52,3,4,8,0,6,28
3,5,6,8,25,9,18,27,34,-1,-1,-1,-1,-1,-1,-1,-1,-1,-1,3,4,9,0,52,18
1,2,4,7,10,42,44,45,49,-1,-1,-1,-1,18,52,-1,-1,-1,-1,3,5,9,0,6,49
14,15,19,20,21,23,30,48,50,-1,-1,-1,-1,18,52,49,6,-1,-1,3,5,9,1,21,21
13,26,39,40,41,43,46,47,51,-1,-1,-1,-1,18,52,49,6,21,21,3,6,9,1,25,13
14,15,19,20,23,30,48,50,-1,-1,-1,-1,-1,-1,-1,-1,-1,-1,-1,3,7,9,1,21,50
26,39,40,41,43,46,47,51,-1,-1,-1,-1,-1,50,21,-1,-1,-1,-1,3,7,9,2,25,51
3,5,6,8,25,9,27,34,-1,-1,-1,-1,-1,50,21,51,25,-1,-1,3,7,9,3,52,25
1,2,4,7,10,42,44,45,-1,-1,-1,-1,-1,50,21,51,25,25,52,3,8,9,3,6,45
26,39,40,41,43,46,47,-1,-1,-1,-1,-1,-1,-1,-1,-1,-1,-1,-1,3,8,9,4,25,26
3,5,6,8,9,27,34,-1,-1,-1,-1,-1,-1,26,25,-1,-1,-1,-1,3,8,10,4,52,27
1,2,4,7,10,42,44,-1,-1,-1,-1,-1,-1,26,25,27,52,-1,-1,3,8,11,4,6,44
14,15,19,20,23,30,48,-1,-1,-1,-1,-1,-1,26,25,27,52,44,6,3,8,11,5,21,30
14,15,19,20,23,48,-1,-1,-1,-1,-1,-1,-1,-1,-1,-1,-1,-1,-1,3,8,12,5,21,48
39,40,41,43,46,47,-1,-1,-1,-1,-1,-1,-1,48,21,-1,-1,-1,-1,3,8,12,6,25,47
3,5,6,8,9,34,-1,-1,-1,-1,-1,-1,-1,48,21,47,25,-1,-1,3,8,12,7,52,34
1,2,4,7,10,42,-1,-1,-1,-1,-1,-1,-1,48,21,47,25,34,52,3,8,13,7,6,42
14,15,19,20,23,-1,-1,-1,-1,-1,-1,-1,-1,-1,-1,-1,-1,-1,-1,3,8,13,8,21,15
39,40,41,43,46,-1,-1,-1,-1,-1,-1,-1,-1,15,21,-1,-1,-1,-1,3,9,13,8,25,46
3,5,6,8,9,-1,-1,-1,-1,-1,-1,-1,-1,15,21,46,25,-1,-1,3,9,13,9,52,9
1,2,4,7,10,-1,-1,-1,-1,-1,-1,-1,-1,15,21,46,25,9,52,4,9,13,9,6,10
14,19,20,23,-1,-1,-1,-1,-1,-1,-1,-1,-1,-1,-1,-1,-1,-1,-1,5,9,13,9,21,19
39,40,41,43,-1,-1,-1,-1,-1,-1,-1,-1,-1,19,21,-1,-1,-1,-1,5,10,13,9,25,43
3,5,6,8,-1,-1,-1,-1,-1,-1,-1,-1,-1,19,21,43,25,-1,-1,5,10,13,10,52,8
1,2,4,7,-1,-1,-1,-1,-1,-1,-1,-1,-1,19,21,43,25,8,52,6,10,13,10,6,7
14,20,23,-1,-1,-1,-1,-1,-1,-1,-1,-1,-1,-1,-1,-1,-1,-1,-1,7,10,13,10,21,20
39,40,41,-1,-1,-1,-1,-1,-1,-1,-1,-1,-1,20,21,-1,-1,-1,-1,7,11,13,10,25,41
3,5,6,-1,-1,-1,-1,-1,-1,-1,-1,-1,-1,20,21,41,25,-1,-1,7,11,13,11,52,6
1,2,4,-1,-1,-1,-1,-1,-1,-1,-1,-1,-1,20,21,41,25,6,52,8,11,13,11,6,4
14,23,-1,-1,-1,-1,-1,-1,-1,-1,-1,-1,-1,-1,-1,-1,-1,-1,-1,9,11,13,11,21,14
39,40,-1,-1,-1,-1,-1,-1,-1,-1,-1,-1,-1,14,21,-1,-1,-1,-1,9,12,13,11,25,40
3,5,-1,-1,-1,-1,-1,-1,-1,-1,-1,-1,-1,14,21,40,25,-1,-1,9,12,13,12,52,5
1,2,-1,-1,-1,-1,-1,-1,-1,-1,-1,-1,-1,14,21,40,25,5,52,10,12,13,12,6,2
23,-1,-1,-1,-1,-1,-1,-1,-1,-1,-1,-1,-1,-1,-1,-1,-1,-1,-1,11,12,13,12,21,23
39,-1,-1,-1,-1,-1,-1,-1,-1,-1,-1,-1,-1,23,21,-1,-1,-1,-1,11,13,13,12,25,39
3,-1,-1,-1,-1,-1,-1,-1,-1,-1,-1,-1,-1,23,21,39,25,-1,-1,11,13,13,13,52,3
1,-1,-1,-1,-1,-1,-1,-1,-1,-1,-1,-1,-1,23,21,39,25,3,52,12,13,13,13,6,1
0,11,13,14,19,21,25,28,36,38,45,46,47,-1,-1,-1,-1,-1,-1,0,0,0,0,44,0
5,16,17,23,24,30,31,34,37,39,42,44,49,0,44,-1,-1,-1,-1,1,0,0,0,28,5
2,4,8,9,10,20,26,27,29,33,35,48,50,0,44,5,28,-1,-1,2,0,0,0,52,10
1,3,12,6,7,15,18,22,32,40,41,43,51,0,44,5,28,10,52,3,0,0,0,6,12
1,3,6,7,15,18,22,32,40,41,43,51,-1,-1,-1,-1,-1,-1,-1,4,0,0,0,6,22
11,13,14,19,21,25,28,36,38,45,46,47,-1,22,6,-1,-1,-1,-1,4,1,0,0,44,21
16,17,23,24,30,31,34,37,39,42,44,49,-1,22,6,21,44,-1,-1,4,2,0,0,28,24
2,4,8,9,20,26,27,29,33,35,48,50,-1,22,6,21,44,24,28,4,3,0,0,52,20
16,17,23,30,31,34,37,39,42,44,49,-1,-1,-1,-1,-1,-1,-1,-1,4,4,0,0,28,17
2,4,8,9,26,27,29,33,35,48,50,-1,-1,17,28,-1,-1,-1,-1,4,5,0,0,52,48
1,3,6,7,15,18,32,40,41,43,51,-1,-1,17,28,48,52,-1,-1,4,5,0,1,6,18
11,13,14,19,25,28,36,38,45,46,47,-1,-1,17,28,48,52,18,6,4,6,0,1,44,25
11,13,14,19,28,36,38,45,46,47,-1,-1,-1,-1,-1,-1,-1,-1,-1,4,7,0,1,44,19
16,23,30,31,34,37,39,42,44,49,-1,-1,-1,19,44,-1,-1,-1,-1,4,8,0,1,28,16
2,4,8,9,26,27,29,33,35,50,-1,-1,-1,19,44,16,28,-1,-1,4,9,0,1,52,50
1,3,6,7,15,32,40,41,43,51,-1,-1,-1,19,44,16,28,50,52,4,9,0,2,6,15
11,13,14,28,36,38,45,46,47,-1,-1,-1,-1,-1,-1,-1,-1,-1,-1,4,10,0,2,44,14
23,30,31,34,37,39,42,44,49,-1,-1,-1,-1,14,44,-1,-1,-1,-1,4,11,0,2,28,23
2,4,8,9,26,27,29,33,35,-1,-1,-1,-1,14,44,23,28,-1,-1,4,12,0,2,52,9
1,3,6,7,32,40,41,43,51,-1,-1,-1,-1,14,44,23,28,9,52,5,12,0,2,6,32
30,31,34,37,39,42,44,49,-1,-1,-1,-1,-1,-1,-1,-1,-1,-1,-1,5,12,1,2,28,39
2,4,8,26,27,29,33,35,-1,-1,-1,-1,-1,39,28,-1,-1,-1,-1,5,12,1,3,52,8
1,3,6,7,40,41,43,51,-1,-1,-1,-1,-1,39,28,8,52,-1,-1,6,12,1,3,6,41
11,13,28,36,38,45,46,47,-1,-1,-1,-1,-1,39,28,8,52,41,6,6,12,1,4,44,47
11,13,28,36,38,45,46,-1,-1,-1,-1,-1,-1,-1,-1,-1,-1,-1,-1,6,12,1,5,44,38
30,31,34,37,42,44,49,-1,-1,-1,-1,-1,-1,38,44,-1,-1,-1,-1,6,12,2,5,28,37
2,4,26,27,29,33,35,-1,-1,-1,-1,-1,-1,38,44,37,28,-1,-1,6,12,3,5,52,35
1,3,6,7,40,43,51,-1,-1,-1,-1,-1,-1,38,44,37,28,35,52,6,12,4,5,6,51
11,13,28,36,45,46,-1,-1,-1,-1,-1,-1,-1,-1,-1,-1,-1,-1,-1,6,12,4,6,44,36
30,31,34,42,44,49,-1,-1,-1,-1,-1,-1,-1,36,44,-1,-1,-1,-1,6,12,5,6,28,34
2,4,26,27,29,33,-1,-1,-1,-1,-1,-1,-1,36,44,34,28,-1,-1,6,12,6,6,52,33
1,3,6,7,40,43,-1,-1,-1,-1,-1,-1,-1,36,44,34,28,33,52,6,12,7,6,6,7
11,13,28,45,46,-1,-1,-1,-1,-1,-1,-1,-1,-1,-1,-1,-1,-1,-1,7,12,7,6,44,28
30,31,42,44,49,-1,-1,-1,-1,-1,-1,-1,-1,28,44,-1,-1,-1,-1,7,12,8,6,28,31
2,4,26,27,29,-1,-1,-1,-1,-1,-1,-1,-1,28,44,31,28,-1,-1,7,12,9,6,52,29
1,3,6,40,43,-1,-1,-1,-1,-1,-1,-1,-1,28,44,31,28,29,52,7,12,10,6,6,6
30,42,44,49,-1,-1,-1,-1,-1,-1,-1,-1,-1,-1,-1,-1,-1,-1,-1,8,12,10,6,28,42
2,4,26,27,-1,-1,-1,-1,-1,-1,-1,-1,-1,42,28,-1,-1,-1,-1,8,12,10,7,52,4
1,3,40,43,-1,-1,-1,-1,-1,-1,-1,-1,-1,42,28,4,52,-1,-1,9,12,10,7,6,40
11,13,45,46,-1,-1,-1,-1,-1,-1,-1,-1,-1,42,28,4,52,40,6,9,12,10,8,44,45
11,13,46,-1,-1,-1,-1,-1,-1,-1,-1,-1,-1,-1,-1,-1,-1,-1,-1,9,12,10,9,44,13
30,44,49,-1,-1,-1,-1,-1,-1,-1,-1,-1,-1,13,44,-1,-1,-1,-1,9,13,10,9,28,49
2,26,27,-1,-1,-1,-1,-1,-1,-1,-1,-1,-1,13,44,49,28,-1,-1,9,13,10,10,52,2
1,3,43,-1,-1,-1,-1,-1,-1,-1,-1,-1,-1,13,44,49,28,2,52,10,13,10,10,6,43
11,46,-1,-1,-1,-1,-1,-1,-1,-1,-1,-1,-1,-1,-1,-1,-1,-1,-1,10,13,10,11,44,46
30,44,-1,-1,-1,-1,-1,-1,-1,-1,-1,-1,-1,46,44,-1,-1,-1,-1,10,13,10,12,28,44
26,27,-1,-1,-1,-1,-1,-1,-1,-1,-1,-1,-1,46,44,44,28,-1,-1,10,13,10,13,52,27
1,3,-1,-1,-1,-1,-1,-1,-1,-1,-1,-1,-1,46,44,44,28,27,52,10,13,11,13,6,3
11,-1,-1,-1,-1,-1,-1,-1,-1,-1,-1,-1,-1,-1,-1,-1,-1,-1,-1,11,13,11,13,44,11
30,-1,-1,-1,-1,-1,-1,-1,-1,-1,-1,-1,-1,11,44,-1,-1,-1,-1,12,13,11,13,28,30
26,-1,-1,-1,-1,-1,-1,-1,-1,-1,-1,-1,-1,11,44,30,28,-1,-1,12,13,12,13,52,26
1,-1,-1,-1,-1,-1,-1,-1,-1,-1,-1,-1,-1,11,44,30,28,26,52,12,13,13,13,6,1
0,4,7,18,26,31,40,41,42,43,44,48,50,-1,-1,-1,-1,-1,-1,0,0,0,0,6,0
13,17,20,21,23,29,30,32,39,45,46,47,51,0,6,-1,-1,-1,-1,1,0,0,0,57,32
9,10,11,16,19,24,25,27,33,34,35,36,37,0,6,32,57,-1,-1,1,0,1,0,41,9
1,2,3,5,8,12,49,6,14,15,22,28,38,0,6,32,57,9,41,2,0,1,0,52,12
1,2,3,5,8,49,6,14,15,22,28,38,-1,-1,-1,-1,-1,-1,-1,3,0,1,0,52,22
4,7,18,26,31,40,41,42,43,44,48,50,-1,22,52,-1,-1,-1,-1,3,1,1,0,6,18
13,17,20,21,23,29,30,39,45,46,47,51,-1,22,52,18,6,-1,-1,3,2,1,0,57,21
10,11,16,19,24,25,27,33,34,35,36,37,-1,22,52,18,6,21,57,3,3,1,0,41,16
1,2,3,5,8,49,6,14,15,28,38,-1,-1,-1,-1,-1,-1,-1,-1,3,4,1,0,52,15
4,7,26,31,40,41,42,43,44,48,50,-1,-1,15,52,-1,-1,-1,-1,3,5,1,0,6,48
13,17,20,23,29,30,39,45,46,47,51,-1,-1,15,52,48,6,-1,-1,3,5,1,1,57,20
10,11,19,24,25,27,33,34,35,36,37,-1,-1,15,52,48,6,20,57,3,6,1,1,41,25
10,11,19,24,27,33,34,35,36,37,-1,-1,-1,-1,-1,-1,-1,-1,-1,3,7,1,1,41,27
1,2,3,5,8,49,6,14,28,38,-1,-1,-1,27,41,-1,-1,-1,-1,3,7,2,1,52,38
4,7,26,31,40,41,42,43,44,50,-1,-1,-1,27,41,38,52,-1,-1,3,7,3,1,6,31
13,17,23,29,30,39,45,46,47,51,-1,-1,-1,27,41,38,52,31,6,3,7,4,1,57,30
1,2,3,5,8,49,6,14,28,-1,-1,-1,-1,-1,-1,-1,-1,-1,-1,3,7,5,1,52,3
4,7,26,40,41,42,43,44,50,-1,-1,-1,-1,3,52,-1,-1,-1,-1,4,7,5,1,6,7
13,17,23,29,39,45,46,47,51,-1,-1,-1,-1,3,52,7,6,-1,-1,5,7,5,1,57,23
10,11,19,24,33,34,35,36,37,-1,-1,-1,-1,3,52,7,6,23,57,5,8,5,1,41,10
11,19,24,33,34,35,36,37,-1,-1,-1,-1,-1,-1,-1,-1,-1,-1,-1,6,8,5,1,41,33
1,2,5,8,49,6,14,28,-1,-1,-1,-1,-1,33,41,-1,-1,-1,-1,6,8,6,1,52,28
4,26,40,41,42,43,44,50,-1,-1,-1,-1,-1,33,41,28,52,-1,-1,6,8,7,1,6,26
13,17,29,39,45,46,47,51,-1,-1,-1,-1,-1,33,41,28,52,26,6,6,8,8,1,57,29
11,19,24,34,35,36,37,-1,-1,-1,-1,-1,-1,-1,-1,-1,-1,-1,-1,6,8,9,1,41,34
1,2,5,8,49,6,14,-1,-1,-1,-1,-1,-1,34,41,-1,-1,-1,-1,6,8,10,1,52,14
4,40,41,42,43,44,50,-1,-1,-1,-1,-1,-1,34,41,14,52,-1,-1,6,9,10,1,6,4
13,17,39,45,46,47,51,-1,-1,-1,-1,-1,-1,34,41,14,52,4,6,7,9,10,1,57,13
11,19,24,35,36,37,-1,-1,-1,-1,-1,-1,-1,-1,-1,-1,-1,-1,-1,7,10,10,1,41,35
1,2,5,8,49,6,-1,-1,-1,-1,-1,-1,-1,35,41,-1,-1,-1,-1,7,10,11,1,52,6
40,41,42,43,44,50,-1,-1,-1,-1,-1,-1,-1,35,41,6,52,-1,-1,8,10,11,1,6,40
17,39,45,46,47,51,-1,-1,-1,-1,-1,-1,-1,35,41,6,52,40,6,8,10,11,2,57,45
11,19,24,36,37,-1,-1,-1,-1,-1,-1,-1,-1,-1,-1,-1,-1,-1,-1,8,10,11,3,41,36
1,2,5,8,49,-1,-1,-1,-1,-1,-1,-1,-1,36,41,-1,-1,-1,-1,8,10,12,3,52,5
41,42,43,44,50,-1,-1,-1,-1,-1,-1,-1,-1,36,41,5,52,-1,-1,9,10,12,3,6,41
17,39,46,47,51,-1,-1,-1,-1,-1,-1,-1,-1,36,41,5,52,41,6,9,10,12,4,57,46
11,19,24,37,-1,-1,-1,-1,-1,-1,-1,-1,-1,-1,-1,-1,-1,-1,-1,9,10,12,5,41,37
1,2,8,49,-1,-1,-1,-1,-1,-1,-1,-1,-1,37,41,-1,-1,-1,-1,9,10,13,5,52,2
42,43,44,50,-1,-1,-1,-1,-1,-1,-1,-1,-1,37,41,2,52,-1,-1,10,10,13,5,6,42
17,39,47,51,-1,-1,-1,-1,-1,-1,-1,-1,-1,37,41,2,52,42,6,10,10,13,6,57,47
11,19,24,-1,-1,-1,-1,-1,-1,-1,-1,-1,-1,-1,-1,-1,-1,-1,-1,10,10,13,7,41,11
1,8,49,-1,-1,-1,-1,-1,-1,-1,-1,-1,-1,11,41,-1,-1,-1,-1,11,10,13,7,52,1
43,44,50,-1,-1,-1,-1,-1,-1,-1,-1,-1,-1,11,41,1,52,-1,-1,12,10,13,7,6,43
17,39,51,-1,-1,-1,-1,-1,-1,-1,-1,-1,-1,11,41,1,52,43,6,12,10,13,8,57,39
19,24,-1,-1,-1,-1,-1,-1,-1,-1,-1,-1,-1,-1,-1,-1,-1,-1,-1,12,10,13,9,41,24
8,49,-1,-1,-1,-1,-1,-1,-1,-1,-1,-1,-1,24,41,-1,-1,-1,-1,12,11,13,9,52,49
44,50,-1,-1,-1,-1,-1,-1,-1,-1,-1,-1,-1,24,41,49,52,-1,-1,12,11,13,10,6,44
17,51,-1,-1,-1,-1,-1,-1,-1,-1,-1,-1,-1,24,41,49,52,44,6,12,11,13,11,57,17
19,-1,-1,-1,-1,-1,-1,-1,-1,-1,-1,-1,-1,-1,-1,-1,-1,-1,-1,12,12,13,11,41,19
8,-1,-1,-1,-1,-1,-1,-1,-1,-1,-1,-1,-1,19,41,-1,-1,-1,-1,12,13,13,11,52,8
50,-1,-1,-1,-1,-1,-1,-1,-1,-1,-1,-1,-1,19,41,8,52,-1,-1,13,13,13,11,6,50
51,-1,-1,-1,-1,-1,-1,-1,-1,-1,-1,-1,-1,19,41,8,52,50,6,13,13,13,12,57,51
0,2,7,8,11,12,13,22,23,26,30,36,51,-1,-1,-1,-1,-1,-1,0,0,0,0,83,0
3,5,9,10,16,28,31,32,33,40,43,44,45,0,83,-1,-1,-1,-1,1,0,0,0,41,10
4,6,20,21,24,25,27,34,37,41,42,46,48,0,83,10,41,-1,-1,2,0,0,0,78,6
1,14,15,17,18,19,29,35,38,39,47,49,50,0,83,10,41,6,78,3,0,0,0,32,1
3,5,9,16,28,31,32,33,40,43,44,45,-1,-1,-1,-1,-1,-1,-1,4,0,0,0,41,16
4,20,21,24,25,27,34,37,41,42,46,48,-1,16,41,-1,-1,-1,-1,4,1,0,0,78,21
14,15,17,18,19,29,35,38,39,47,49,50,-1,16,41,21,78,-1,-1,4,2,0,0,32,19
2,7,8,11,12,13,22,23,26,30,36,51,-1,16,41,21,78,19,32,4,3,0,0,83,22
2,7,8,11,12,13,23,26,30,36,51,-1,-1,-1,-1,-1,-1,-1,-1,4,4,0,0,83,30
3,5,9,28,31,32,33,40,43,44,45,-1,-1,30,83,-1,-1,-1,-1,4,4,1,0,41,33
4,20,24,25,27,34,37,41,42,46,48,-1,-1,30,83,33,41,-1,-1,4,4,2,0,78,37
14,15,17,18,29,35,38,39,47,49,50,-1,-1,30,83,33,41,37,78,4,4,3,0,32,38
14,15,17,18,29,35,39,47,49,50,-1,-1,-1,-1,-1,-1,-1,-1,-1,4,4,4,0,32,18
2,7,8,11,12,13,23,26,36,51,-1,-1,-1,18,32,-1,-1,-1,-1,4,5,4,0,83,13
3,5,9,28,31,32,40,43,44,45,-1,-1,-1,18,32,13,83,-1,-1,4,6,4,0,41,45
4,20,24,25,27,34,41,42,46,48,-1,-1,-1,18,32,13,83,45,41,4,6,4,1,78,24
4,20,25,27,34,41,42,46,48,-1,-1,-1,-1,-1,-1,-1,-1,-1,-1,4,7,4,1,78,4
14,15,17,29,35,39,47,49,50,-1,-1,-1,-1,4,78,-1,-1,-1,-1,5,7,4,1,32,50
2,7,8,11,12,23,26,36,51,-1,-1,-1,-1,4,78,50,32,-1,-1,5,7,4,2,83,12
3,5,9,28,31,32,40,43,44,-1,-1,-1,-1,4,78,50,32,12,83,6,7,4,2,41,9
2,7,8,11,23,26,36,51,-1,-1,-1,-1,-1,-1,-1,-1,-1,-1,-1,7,7,4,2,83,36
3,5,28,31,32,40,43,44,-1,-1,-1,-1,-1,36,83,-1,-1,-1,-1,7,7,5,2,41,32
20,25,27,34,41,42,46,48,-1,-1,-1,-1,-1,36,83,32,41,-1,-1,7,7,6,2,78,34
14,15,17,29,35,39,47,49,-1,-1,-1,-1,-1,36,83,32,41,34,78,7,7,7,2,32,35
2,7,8,11,23,26,51,-1,-1,-1,-1,-1,-1,-1,-1,-1,-1,-1,-1,7,7,8,2,83,51
3,5,28,31,40,43,44,-1,-1,-1,-1,-1,-1,51,83,-1,-1,-1,-1,7,7,8,3,41,44
20,25,27,41,42,46,48,-1,-1,-1,-1,-1,-1,51,83,44,41,-1,-1,7,7,8,4,78,46
14,15,17,29,39,47,49,-1,-1,-1,-1,-1,-1,51,83,44,41,46,78,7,7,8,5,32,49
2,7,8,11,23,26,-1,-1,-1,-1,-1,-1,-1,-1,-1,-1,-1,-1,-1,7,7,8,6,83,26
3,5,28,31,40,43,-1,-1,-1,-1,-1,-1,-1,26,83,-1,-1,-1,-1,7,7,9,6,41,28
20,25,27,41,42,48,-1,-1,-1,-1,-1,-1,-1,26,83,28,41,-1,-1,7,7,10,6,78,27
14,15,17,29,39,47,-1,-1,-1,-1,-1,-1,-1,26,83,28,41,27,78,7,7,11,6,32,29
14,15,17,39,47,-1,-1,-1,-1,-1,-1,-1,-1,-1,-1,-1,-1,-1,-1,7,7,12,6,32,17
2,7,8,11,23,-1,-1,-1,-1,-1,-1,-1,-1,17,32,-1,-1,-1,-1,7,8,12,6,83,23
3,5,31,40,43,-1,-1,-1,-1,-1,-1,-1,-1,17,32,23,83,-1,-1,7,9,12,6,41,31
20,25,41,42,48,-1,-1,-1,-1,-1,-1,-1,-1,17,32,23,83,31,41,7,9,13,6,78,25
20,41,42,48,-1,-1,-1,-1,-1,-1,-1,-1,-1,-1,-1,-1,-1,-1,-1,7,10,13,6,78,42
14,15,39,47,-1,-1,-1,-1,-1,-1,-1,-1,-1,42,78,-1,-1,-1,-1,7,10,13,7,32,39
2,7,8,11,-1,-1,-1,-1,-1,-1,-1,-1,-1,42,78,39,32,-1,-1,7,10,13,8,83,11
3,5,40,43,-1,-1,-1,-1,-1,-1,-1,-1,-1,42,78,39,32,11,83,8,10,13,8,41,40
20,41,48,-1,-1,-1,-1,-1,-1,-1,-1,-1,-1,-1,-1,-1,-1,-1,-1,8,10,13,9,78,41
14,15,47,-1,-1,-1,-1,-1,-1,-1,-1,-1,-1,41,78,-1,-1,-1,-1,8,10,13,10,32,47
2,7,8,-1,-1,-1,-1,-1,-1,-1,-1,-1,-1,41,78,47,32,-1,-1,8,10,13,11,83,8
3,5,43,-1,-1,-1,-1,-1,-1,-1,-1,-1,-1,41,78,47,32,8,83,9,10,13,11,41,43
14,15,-1,-1,-1,-1,-1,-1,-1,-1,-1,-1,-1,-1,-1,-1,-1,-1,-1,9,10,13,12,32,14
2,7,-1,-1,-1,-1,-1,-1,-1,-1,-1,-1,-1,14,32,-1,-1,-1,-1,9,11,13,12,83,7
3,5,-1,-1,-1,-1,-1,-1,-1,-1,-1,-1,-1,14,32,7,83,-1,-1,10,11,13,12,41,5
20,48,-1,-1,-1,-1,-1,-1,-1,-1,-1,-1,-1,14,32,7,83,5,41,11,11,13,12,78,20
48,-1,-1,-1,-1,-1,-1,-1,-1,-1,-1,-1,-1,-1,-1,-1,-1,-1,-1,11,12,13,12,78,48
15,-1,-1,-1,-1,-1,-1,-1,-1,-1,-1,-1,-1,48,78,-1,-1,-1,-1,11,12,13,13,32,15
2,-1,-1,-1,-1,-1,-1,-1,-1,-1,-1,-1,-1,48,78,15,32,-1,-1,11,13,13,13,83,2
3,-1,-1,-1,-1,-1,-1,-1,-1,-1,-1,-1,-1,48,78,15,32,2,83,12,13,13,13,41,3
0,8,10,9,13,16,19,21,22,24,38,46,51,-1,-1,-1,-1,-1,-1,0,0,0,0,35,0
1,2,5,7,11,12,20,26,39,41,42,43,45,0,35,-1,-1,-1,-1,1,0,0,0,88,12
3,4,6,15,17,23,25,31,35,40,47,48,49,0,35,12,88,-1,-1,2,0,0,0,41,6
14,18,27,28,29,30,32,33,34,36,37,44,50,0,35,12,88,6,41,3,0,0,0,96,36
1,2,5,7,11,20,26,39,41,42,43,45,-1,-1,-1,-1,-1,-1,-1,3,0,1,0,88,26
3,4,15,17,23,25,31,35,40,47,48,49,-1,26,88,-1,-1,-1,-1,3,0,2,0,41,35
14,18,27,28,29,30,32,33,34,37,44,50,-1,26,88,35,41,-1,-1,3,0,3,0,96,34
8,10,9,13,16,19,21,22,24,38,46,51,-1,26,88,35,41,34,96,3,0,4,0,35,38
8,10,9,13,16,19,21,22,24,46,51,-1,-1,-1,-1,-1,-1,-1,-1,3,0,5,0,35,19
1,2,5,7,11,20,39,41,42,43,45,-1,-1,19,35,-1,-1,-1,-1,3,1,5,0,88,20
3,4,15,17,23,25,31,40,47,48,49,-1,-1,19,35,20,88,-1,-1,3,2,5,0,41,25
14,18,27,28,29,30,32,33,37,44,50,-1,-1,19,35,20,88,25,41,3,3,5,0,96,18
3,4,15,17,23,31,40,47,48,49,-1,-1,-1,-1,-1,-1,-1,-1,-1,3,4,5,0,41,31
14,27,28,29,30,32,33,37,44,50,-1,-1,-1,31,41,-1,-1,-1,-1,3,4,6,0,96,30
8,10,9,13,16,21,22,24,46,51,-1,-1,-1,31,41,30,96,-1,-1,3,4,7,0,35,46
1,2,5,7,11,39,41,42,43,45,-1,-1,-1,31,41,30,96,46,35,3,4,7,1,88,7
3,4,15,17,23,40,47,48,49,-1,-1,-1,-1,-1,-1,-1,-1,-1,-1,4,4,7,1,41,4
14,27,28,29,32,33,37,44,50,-1,-1,-1,-1,4,41,-1,-1,-1,-1,5,4,7,1,96,50
8,10,9,13,16,21,22,24,51,-1,-1,-1,-1,4,41,50,96,-1,-1,5,4,7,2,35,10
1,2,5,11,39,41,42,43,45,-1,-1,-1,-1,4,41,50,96,10,35,6,4,7,2,88,11
1,2,5,39,41,42,43,45,-1,-1,-1,-1,-1,-1,-1,-1,-1,-1,-1,7,4,7,2,88,41
3,15,17,23,40,47,48,49,-1,-1,-1,-1,-1,41,88,-1,-1,-1,-1,7,4,7,3,41,49
14,27,28,29,32,33,37,44,-1,-1,-1,-1,-1,41,88,49,41,-1,-1,7,4,7,4,96,44
8,9,13,16,21,22,24,51,-1,-1,-1,-1,-1,41,88,49,41,44,96,7,4,7,5,35,51
8,9,13,16,21,22,24,-1,-1,-1,-1,-1,-1,-1,-1,-1,-1,-1,-1,7,4,7,6,35,22
1,2,5,39,42,43,45,-1,-1,-1,-1,-1,-1,22,35,-1,-1,-1,-1,7,5,7,6,88,45
3,15,17,23,40,47,48,-1,-1,-1,-1,-1,-1,22,35,45,88,-1,-1,7,5,7,7,41,17
14,27,28,29,32,33,37,-1,-1,-1,-1,-1,-1,22,35,45,88,17,41,7,6,7,7,96,14
8,9,13,16,21,24,-1,-1,-1,-1,-1,-1,-1,-1,-1,-1,-1,-1,-1,7,7,7,7,35,21
1,2,5,39,42,43,-1,-1,-1,-1,-1,-1,-1,21,35,-1,-1,-1,-1,7,8,7,7,88,5
3,15,23,40,47,48,-1,-1,-1,-1,-1,-1,-1,21,35,5,88,-1,-1,8,8,7,7,41,15
27,28,29,32,33,37,-1,-1,-1,-1,-1,-1,-1,21,35,5,88,15,41,8,9,7,7,96,37
8,9,13,16,24,-1,-1,-1,-1,-1,-1,-1,-1,-1,-1,-1,-1,-1,-1,8,9,8,7,35,16
1,2,39,42,43,-1,-1,-1,-1,-1,-1,-1,-1,16,35,-1,-1,-1,-1,8,10,8,7,88,2
3,23,40,47,48,-1,-1,-1,-1,-1,-1,-1,-1,16,35,2,88,-1,-1,9,10,8,7,41,23
27,28,29,32,33,-1,-1,-1,-1,-1,-1,-1,-1,16,35,2,88,23,41,9,11,8,7,96,33
3,40,47,48,-1,-1,-1,-1,-1,-1,-1,-1,-1,-1,-1,-1,-1,-1,-1,9,11,9,7,41,3
27,28,29,32,-1,-1,-1,-1,-1,-1,-1,-1,-1,3,41,-1,-1,-1,-1,10,11,9,7,96,32
8,9,13,24,-1,-1,-1,-1,-1,-1,-1,-1,-1,3,41,32,96,-1,-1,10,11,10,7,35,9
1,39,42,43,-1,-1,-1,-1,-1,-1,-1,-1,-1,3,41,32,96,9,35,11,11,10,7,88,1
8,13,24,-1,-1,-1,-1,-1,-1,-1,-1,-1,-1,-1,-1,-1,-1,-1,-1,12,11,10,7,35,8
39,42,43,-1,-1,-1,-1,-1,-1,-1,-1,-1,-1,8,35,-1,-1,-1,-1,13,11,10,7,88,43
40,47,48,-1,-1,-1,-1,-1,-1,-1,-1,-1,-1,8,35,43,88,-1,-1,13,11,10,8,41,48
27,28,29,-1,-1,-1,-1,-1,-1,-1,-1,-1,-1,8,35,43,88,48,41,13,11,10,9,96,29
13,24,-1,-1,-1,-1,-1,-1,-1,-1,-1,-1,-1,-1,-1,-1,-1,-1,-1,13,11,11,9,35,13
39,42,-1,-1,-1,-1,-1,-1,-1,-1,-1,-1,-1,13,35,-1,-1,-1,-1,13,12,11,9,88,42
40,47,-1,-1,-1,-1,-1,-1,-1,-1,-1,-1,-1,13,35,42,88,-1,-1,13,12,11,10,41,47
27,28,-1,-1,-1,-1,-1,-1,-1,-1,-1,-1,-1,13,35,42,88,47,41,13,12,11,11,96,28
24,-1,-1,-1,-1,-1,-1,-1,-1,-1,-1,-1,-1,-1,-1,-1,-1,-1,-1,13,12,12,11,35,24
39,-1,-1,-1,-1,-1,-1,-1,-1,-1,-1,-1,-1,24,35,-1,-1,-1,-1,13,13,12,11,88,39
40,-1,-1,-1,-1,-1,-1,-1,-1,-1,-1,-1,-1,24,35,39,88,-1,-1,13,13,12,12,41,40
27,-1,-1,-1,-1,-1,-1,-1,-1,-1,-1,-1,-1,24,35,39,88,40,41,13,13,12,13,96,27